boot	listening_ms	activation_ms	shell_ready_ms	first_request_ms	first_success_ms	shutdown_ms	status	log_path
1	436.771	2134.362	2571.133	603.311	3174.445	145.120	passed	-
2	429.425	2113.172	2542.597	605.351	3147.947	145.814	passed	-
3	434.286	2017.078	2451.364	580.991	3032.355	137.280	passed	-
4	333.831	2098.314	2432.145	620.190	3052.334	145.891	passed	-
5	438.530	1909.720	2348.250	568.351	2916.601	125.653	passed	-
6	443.034	2005.423	2448.457	578.579	3027.036	140.981	passed	-
7	333.933	2117.763	2451.696	627.631	3079.327	136.320	passed	-
8	441.332	2027.493	2468.825	586.410	3055.235	145.413	passed	-
9	415.840	2151.126	2566.966	600.772	3167.738	144.431	passed	-
10	432.488	2015.451	2447.939	617.807	3065.746	143.399	passed	-
11	433.312	2018.365	2451.678	582.265	3033.943	142.462	passed	-
12	335.260	2112.345	2447.605	580.751	3028.356	140.803	passed	-
13	429.404	2032.020	2461.424	601.014	3062.438	139.827	passed	-
14	441.200	1996.635	2437.834	568.846	3006.681	145.585	passed	-
15	427.668	2024.325	2451.993	577.752	3029.745	145.752	passed	-
16	421.309	2025.710	2447.019	575.111	3022.130	145.316	passed	-
17	418.129	2003.409	2421.538	579.584	3001.122	142.040	passed	-
18	439.010	1931.828	2370.838	584.836	2955.674	139.277	passed	-
19	436.684	2016.526	2453.210	579.462	3032.672	145.915	passed	-
20	438.047	2017.955	2456.002	663.104	3119.106	204.238	passed	-
